{
  "collection": "@nestjs/schematics",
  "monorepo": true,
  "root": "apps",
  "projects": {
    "api": {
      "type": "application",
      "root": "apps/api",
      "entryFile": "main",
      "sourceRoot": "apps/api/src",
      "compilerOptions": {
        "tsConfigPath": "apps/api/tsconfig.app.json"
      }
    },
    "workers": {
      "type": "application",
      "root": "apps/workers",
      "entryFile": "main",
      "sourceRoot": "apps/workers/src",
      "compilerOptions": {
        "tsConfigPath": "apps/workers/tsconfig.app.json"
      }
    }
  }
}
