{
  "factions": [
    {
      "key": "ROME",
      "bonuses": {
        "defenseWhenAttackingPct": 0.1,
        "lossReductionCityDefensePct": 0.1
      }
    },
    {
      "key": "GAUL",
      "bonuses": {
        "attackWhenDefendingSiegePct": 0.1
      }
    },
    {
      "key": "GREEK",
      "bonuses": {
        "defenseWhenAttackedOutsideCityPct": 0.1
      }
    },
    {
      "key": "EGYPT",
      "bonuses": {
        "attackWhenDefendingSiegePct": 0.1
      }
    },
    {
      "key": "HUN",
      "bonuses": {
        "attackWhenAttackingCityPct": 0.1
      }
    },
    {
      "key": "SULTAN",
      "bonuses": {
        "attackPct": 0.0,
        "defensePct": 0.0
      }
    }
  ]
}
