{
  "rules": {
    "base_costs": {
      "INF": {
        "wood": 30,
        "stone": 20,
        "iron": 55,
        "food": 20
      },
      "ARCH": {
        "wood": 60,
        "stone": 20,
        "iron": 25,
        "food": 20
      },
      "CAV": {
        "wood": 45,
        "stone": 35,
        "iron": 50,
        "food": 30
      },
      "SIEGE": {
        "wood": 140,
        "stone": 160,
        "iron": 180,
        "food": 60
      }
    },
    "tier_multiplier": {
      "BASE": 1.0,
      "INTER": 1.8,
      "ELITE": 3.2,
      "SIEGE": 4.0
    }
  },
  "costs": [
    {
      "unitKey": "ROM_INF_MILICIEN",
      "name": "Milicien romain",
      "faction": "ROME",
      "tier": "BASE",
      "type": "INF",
      "cost": {
        "wood": 30,
        "stone": 20,
        "iron": 55,
        "food": 20
      }
    },
    {
      "unitKey": "ROM_INF_TRIARII",
      "name": "Triarii",
      "faction": "ROME",
      "tier": "INTER",
      "type": "INF",
      "cost": {
        "wood": 54,
        "stone": 36,
        "iron": 99,
        "food": 36
      }
    },
    {
      "unitKey": "ROM_INF_LEGIONNAIRE",
      "name": "Légionnaire romain",
      "faction": "ROME",
      "tier": "ELITE",
      "type": "INF",
      "cost": {
        "wood": 96,
        "stone": 64,
        "iron": 176,
        "food": 64
      }
    },
    {
      "unitKey": "ROM_ARC_MILICIEN",
      "name": "Archer milicien",
      "faction": "ROME",
      "tier": "BASE",
      "type": "ARCH",
      "cost": {
        "wood": 60,
        "stone": 20,
        "iron": 25,
        "food": 20
      }
    },
    {
      "unitKey": "ROM_ARC_VETERAN",
      "name": "Archer vétéran",
      "faction": "ROME",
      "tier": "INTER",
      "type": "ARCH",
      "cost": {
        "wood": 108,
        "stone": 36,
        "iron": 45,
        "food": 36
      }
    },
    {
      "unitKey": "ROM_ARC_ELITE",
      "name": "Archer d’élite romain",
      "faction": "ROME",
      "tier": "ELITE",
      "type": "ARCH",
      "cost": {
        "wood": 192,
        "stone": 64,
        "iron": 80,
        "food": 64
      }
    },
    {
      "unitKey": "ROM_CAV_AUXILIAIRE",
      "name": "Cavalerie auxiliaire",
      "faction": "ROME",
      "tier": "BASE",
      "type": "CAV",
      "cost": {
        "wood": 45,
        "stone": 35,
        "iron": 50,
        "food": 30
      }
    },
    {
      "unitKey": "ROM_CAV_EQUITES",
      "name": "Equites",
      "faction": "ROME",
      "tier": "INTER",
      "type": "CAV",
      "cost": {
        "wood": 81,
        "stone": 63,
        "iron": 90,
        "food": 54
      }
    },
    {
      "unitKey": "ROM_CAV_LOURDE",
      "name": "Cavalerie lourde romaine",
      "faction": "ROME",
      "tier": "ELITE",
      "type": "CAV",
      "cost": {
        "wood": 144,
        "stone": 112,
        "iron": 160,
        "food": 96
      }
    },
    {
      "unitKey": "ROM_SIEGE_CATAPULTE",
      "name": "Catapulte romaine",
      "faction": "ROME",
      "tier": "SIEGE",
      "type": "SIEGE",
      "cost": {
        "wood": 560,
        "stone": 640,
        "iron": 720,
        "food": 240
      }
    },
    {
      "unitKey": "GAU_INF_GUERRIER",
      "name": "Guerrier gaulois",
      "faction": "GAUL",
      "tier": "BASE",
      "type": "INF",
      "cost": {
        "wood": 30,
        "stone": 20,
        "iron": 55,
        "food": 20
      }
    },
    {
      "unitKey": "GAU_INF_TRIARII",
      "name": "Triarii gaulois",
      "faction": "GAUL",
      "tier": "INTER",
      "type": "INF",
      "cost": {
        "wood": 54,
        "stone": 36,
        "iron": 99,
        "food": 36
      }
    },
    {
      "unitKey": "GAU_INF_CHAMPION",
      "name": "Champion gaulois",
      "faction": "GAUL",
      "tier": "ELITE",
      "type": "INF",
      "cost": {
        "wood": 96,
        "stone": 64,
        "iron": 176,
        "food": 64
      }
    },
    {
      "unitKey": "GAU_ARC_CHASSEUR",
      "name": "Chasseur gaulois",
      "faction": "GAUL",
      "tier": "BASE",
      "type": "ARCH",
      "cost": {
        "wood": 60,
        "stone": 20,
        "iron": 25,
        "food": 20
      }
    },
    {
      "unitKey": "GAU_ARC_GAULOIS",
      "name": "Archer gaulois",
      "faction": "GAUL",
      "tier": "INTER",
      "type": "ARCH",
      "cost": {
        "wood": 108,
        "stone": 36,
        "iron": 45,
        "food": 36
      }
    },
    {
      "unitKey": "GAU_ARC_NOBLE",
      "name": "Archer noble",
      "faction": "GAUL",
      "tier": "ELITE",
      "type": "ARCH",
      "cost": {
        "wood": 192,
        "stone": 64,
        "iron": 80,
        "food": 64
      }
    },
    {
      "unitKey": "GAU_CAV_CHASSEUR",
      "name": "Chasseur monté",
      "faction": "GAUL",
      "tier": "BASE",
      "type": "CAV",
      "cost": {
        "wood": 45,
        "stone": 35,
        "iron": 50,
        "food": 30
      }
    },
    {
      "unitKey": "GAU_CAV_GAULOIS",
      "name": "Cavalier gaulois",
      "faction": "GAUL",
      "tier": "INTER",
      "type": "CAV",
      "cost": {
        "wood": 81,
        "stone": 63,
        "iron": 90,
        "food": 54
      }
    },
    {
      "unitKey": "GAU_CAV_NOBLE",
      "name": "Cavalier noble",
      "faction": "GAUL",
      "tier": "ELITE",
      "type": "CAV",
      "cost": {
        "wood": 144,
        "stone": 112,
        "iron": 160,
        "food": 96
      }
    },
    {
      "unitKey": "GAU_SIEGE_BELIER",
      "name": "Bélier gaulois",
      "faction": "GAUL",
      "tier": "SIEGE",
      "type": "SIEGE",
      "cost": {
        "wood": 560,
        "stone": 640,
        "iron": 720,
        "food": 240
      }
    },
    {
      "unitKey": "GRE_INF_JEUNE",
      "name": "Jeune guerrier",
      "faction": "GREEK",
      "tier": "BASE",
      "type": "INF",
      "cost": {
        "wood": 30,
        "stone": 20,
        "iron": 55,
        "food": 20
      }
    },
    {
      "unitKey": "GRE_INF_HOPLITE",
      "name": "Hoplite",
      "faction": "GREEK",
      "tier": "INTER",
      "type": "INF",
      "cost": {
        "wood": 54,
        "stone": 36,
        "iron": 99,
        "food": 36
      }
    },
    {
      "unitKey": "GRE_INF_SPARTIATE",
      "name": "Spartiate",
      "faction": "GREEK",
      "tier": "ELITE",
      "type": "INF",
      "cost": {
        "wood": 96,
        "stone": 64,
        "iron": 176,
        "food": 64
      }
    },
    {
      "unitKey": "GRE_ARC_PAYSAN",
      "name": "Archer paysan",
      "faction": "GREEK",
      "tier": "BASE",
      "type": "ARCH",
      "cost": {
        "wood": 60,
        "stone": 20,
        "iron": 25,
        "food": 20
      }
    },
    {
      "unitKey": "GRE_ARC_TOXOTE",
      "name": "Toxote",
      "faction": "GREEK",
      "tier": "INTER",
      "type": "ARCH",
      "cost": {
        "wood": 108,
        "stone": 36,
        "iron": 45,
        "food": 36
      }
    },
    {
      "unitKey": "GRE_ARC_ELITE",
      "name": "Archer d’élite grec",
      "faction": "GREEK",
      "tier": "ELITE",
      "type": "ARCH",
      "cost": {
        "wood": 192,
        "stone": 64,
        "iron": 80,
        "food": 64
      }
    },
    {
      "unitKey": "GRE_CAV_ECLAIREUR",
      "name": "Éclaireur",
      "faction": "GREEK",
      "tier": "BASE",
      "type": "CAV",
      "cost": {
        "wood": 45,
        "stone": 35,
        "iron": 50,
        "food": 30
      }
    },
    {
      "unitKey": "GRE_CAV_GREC",
      "name": "Cavalier grec",
      "faction": "GREEK",
      "tier": "INTER",
      "type": "CAV",
      "cost": {
        "wood": 81,
        "stone": 63,
        "iron": 90,
        "food": 54
      }
    },
    {
      "unitKey": "GRE_CAV_ELITE",
      "name": "Cavalerie d’élite grecque",
      "faction": "GREEK",
      "tier": "ELITE",
      "type": "CAV",
      "cost": {
        "wood": 144,
        "stone": 112,
        "iron": 160,
        "food": 96
      }
    },
    {
      "unitKey": "GRE_SIEGE_CATAPULTE",
      "name": "Catapulte grecque",
      "faction": "GREEK",
      "tier": "SIEGE",
      "type": "SIEGE",
      "cost": {
        "wood": 560,
        "stone": 640,
        "iron": 720,
        "food": 240
      }
    },
    {
      "unitKey": "EGY_INF_ESCLAVE",
      "name": "Esclave égyptien",
      "faction": "EGYPT",
      "tier": "BASE",
      "type": "INF",
      "cost": {
        "wood": 30,
        "stone": 20,
        "iron": 55,
        "food": 20
      }
    },
    {
      "unitKey": "EGY_INF_NIL",
      "name": "Fantassin du Nil",
      "faction": "EGYPT",
      "tier": "INTER",
      "type": "INF",
      "cost": {
        "wood": 54,
        "stone": 36,
        "iron": 99,
        "food": 36
      }
    },
    {
      "unitKey": "EGY_INF_TEMPLE",
      "name": "Guerrier du temple",
      "faction": "EGYPT",
      "tier": "ELITE",
      "type": "INF",
      "cost": {
        "wood": 96,
        "stone": 64,
        "iron": 176,
        "food": 64
      }
    },
    {
      "unitKey": "EGY_ARC_NIL",
      "name": "Archer du Nil",
      "faction": "EGYPT",
      "tier": "BASE",
      "type": "ARCH",
      "cost": {
        "wood": 60,
        "stone": 20,
        "iron": 25,
        "food": 20
      }
    },
    {
      "unitKey": "EGY_ARC_DESERT",
      "name": "Archer du désert",
      "faction": "EGYPT",
      "tier": "INTER",
      "type": "ARCH",
      "cost": {
        "wood": 108,
        "stone": 36,
        "iron": 45,
        "food": 36
      }
    },
    {
      "unitKey": "EGY_ARC_PHARAON",
      "name": "Archer du pharaon",
      "faction": "EGYPT",
      "tier": "ELITE",
      "type": "ARCH",
      "cost": {
        "wood": 192,
        "stone": 64,
        "iron": 80,
        "food": 64
      }
    },
    {
      "unitKey": "EGY_CAV_DESERT",
      "name": "Cavalier du désert",
      "faction": "EGYPT",
      "tier": "BASE",
      "type": "CAV",
      "cost": {
        "wood": 45,
        "stone": 35,
        "iron": 50,
        "food": 30
      }
    },
    {
      "unitKey": "EGY_CAV_PHARAON",
      "name": "Cavalerie du pharaon",
      "faction": "EGYPT",
      "tier": "INTER",
      "type": "CAV",
      "cost": {
        "wood": 81,
        "stone": 63,
        "iron": 90,
        "food": 54
      }
    },
    {
      "unitKey": "EGY_CAV_CHAR_LOURD",
      "name": "Char lourd",
      "faction": "EGYPT",
      "tier": "ELITE",
      "type": "CAV",
      "cost": {
        "wood": 144,
        "stone": 112,
        "iron": 160,
        "food": 96
      }
    },
    {
      "unitKey": "EGY_SIEGE_MANGONNEAU",
      "name": "Mangonneau égyptien",
      "faction": "EGYPT",
      "tier": "SIEGE",
      "type": "SIEGE",
      "cost": {
        "wood": 560,
        "stone": 640,
        "iron": 720,
        "food": 240
      }
    },
    {
      "unitKey": "HUN_INF_NOMADE",
      "name": "Guerrier nomade",
      "faction": "HUN",
      "tier": "BASE",
      "type": "INF",
      "cost": {
        "wood": 30,
        "stone": 20,
        "iron": 55,
        "food": 20
      }
    },
    {
      "unitKey": "HUN_INF_GARDE",
      "name": "Garde tribale",
      "faction": "HUN",
      "tier": "INTER",
      "type": "INF",
      "cost": {
        "wood": 54,
        "stone": 36,
        "iron": 99,
        "food": 36
      }
    },
    {
      "unitKey": "HUN_INF_VETERAN",
      "name": "Nomade vétéran",
      "faction": "HUN",
      "tier": "ELITE",
      "type": "INF",
      "cost": {
        "wood": 96,
        "stone": 64,
        "iron": 176,
        "food": 64
      }
    },
    {
      "unitKey": "HUN_ARC_NOMADE",
      "name": "Archer nomade",
      "faction": "HUN",
      "tier": "BASE",
      "type": "ARCH",
      "cost": {
        "wood": 60,
        "stone": 20,
        "iron": 25,
        "food": 20
      }
    },
    {
      "unitKey": "HUN_ARC_CAMP",
      "name": "Archer du camp",
      "faction": "HUN",
      "tier": "INTER",
      "type": "ARCH",
      "cost": {
        "wood": 108,
        "stone": 36,
        "iron": 45,
        "food": 36
      }
    },
    {
      "unitKey": "HUN_ARC_ELITE",
      "name": "Archer d’élite hun",
      "faction": "HUN",
      "tier": "ELITE",
      "type": "ARCH",
      "cost": {
        "wood": 192,
        "stone": 64,
        "iron": 80,
        "food": 64
      }
    },
    {
      "unitKey": "HUN_CAV_PILLARD",
      "name": "Cavalier pillard",
      "faction": "HUN",
      "tier": "BASE",
      "type": "CAV",
      "cost": {
        "wood": 45,
        "stone": 35,
        "iron": 50,
        "food": 30
      }
    },
    {
      "unitKey": "HUN_CAV_INTER",
      "name": "Cavalier hun",
      "faction": "HUN",
      "tier": "INTER",
      "type": "CAV",
      "cost": {
        "wood": 81,
        "stone": 63,
        "iron": 90,
        "food": 54
      }
    },
    {
      "unitKey": "HUN_CAV_ELITE",
      "name": "Horde d’Attila",
      "faction": "HUN",
      "tier": "ELITE",
      "type": "CAV",
      "cost": {
        "wood": 144,
        "stone": 112,
        "iron": 160,
        "food": 96
      }
    },
    {
      "unitKey": "HUN_SIEGE_SAPEUR",
      "name": "Sapeurs huns",
      "faction": "HUN",
      "tier": "SIEGE",
      "type": "SIEGE",
      "cost": {
        "wood": 560,
        "stone": 640,
        "iron": 720,
        "food": 240
      }
    },
    {
      "unitKey": "SUL_INF_DESERT",
      "name": "Guerrier du désert",
      "faction": "SULTAN",
      "tier": "BASE",
      "type": "INF",
      "cost": {
        "wood": 30,
        "stone": 20,
        "iron": 55,
        "food": 20
      }
    },
    {
      "unitKey": "SUL_INF_CROISSANT",
      "name": "Guerrier du croissant",
      "faction": "SULTAN",
      "tier": "INTER",
      "type": "INF",
      "cost": {
        "wood": 54,
        "stone": 36,
        "iron": 99,
        "food": 36
      }
    },
    {
      "unitKey": "SUL_INF_PALAIS",
      "name": "Défenseur du palais",
      "faction": "SULTAN",
      "tier": "ELITE",
      "type": "INF",
      "cost": {
        "wood": 96,
        "stone": 64,
        "iron": 176,
        "food": 64
      }
    },
    {
      "unitKey": "SUL_ARC_DESERT",
      "name": "Archer du désert",
      "faction": "SULTAN",
      "tier": "BASE",
      "type": "ARCH",
      "cost": {
        "wood": 60,
        "stone": 20,
        "iron": 25,
        "food": 20
      }
    },
    {
      "unitKey": "SUL_ARC_TIREUR",
      "name": "Tireur du désert",
      "faction": "SULTAN",
      "tier": "INTER",
      "type": "ARCH",
      "cost": {
        "wood": 108,
        "stone": 36,
        "iron": 45,
        "food": 36
      }
    },
    {
      "unitKey": "SUL_ARC_PERSE",
      "name": "Archer perse",
      "faction": "SULTAN",
      "tier": "ELITE",
      "type": "ARCH",
      "cost": {
        "wood": 192,
        "stone": 64,
        "iron": 80,
        "food": 64
      }
    },
    {
      "unitKey": "SUL_CAV_BEDOUIN",
      "name": "Cavalier bédouin",
      "faction": "SULTAN",
      "tier": "BASE",
      "type": "CAV",
      "cost": {
        "wood": 45,
        "stone": 35,
        "iron": 50,
        "food": 30
      }
    },
    {
      "unitKey": "SUL_CAV_DESERT",
      "name": "Cavalier du désert",
      "faction": "SULTAN",
      "tier": "INTER",
      "type": "CAV",
      "cost": {
        "wood": 81,
        "stone": 63,
        "iron": 90,
        "food": 54
      }
    },
    {
      "unitKey": "SUL_CAV_MAMELOUK",
      "name": "Mamelouk du palais",
      "faction": "SULTAN",
      "tier": "ELITE",
      "type": "CAV",
      "cost": {
        "wood": 144,
        "stone": 112,
        "iron": 160,
        "food": 96
      }
    },
    {
      "unitKey": "SUL_SIEGE_MANGONNEAU",
      "name": "Mangonneau oriental",
      "faction": "SULTAN",
      "tier": "SIEGE",
      "type": "SIEGE",
      "cost": {
        "wood": 560,
        "stone": 640,
        "iron": 720,
        "food": 240
      }
    }
  ]
}